,prediction,Truelabel
0,0.0,0.0
1,0.0,0.0
2,0.0,0.0
3,0.0,0.0
4,0.0,0.0
5,0.0,0.0
6,0.0,0.0
7,0.0,0.0
8,0.0,0.0
9,0.0,0.0
10,0.0,0.0
11,0.0,0.0
12,0.0,0.0
13,0.0,0.0
14,0.0,0.0
15,0.0,0.0
16,0.0,0.0
17,0.0,0.0
18,0.0,0.0
19,0.0,0.0
20,0.0,0.0
21,0.0,0.0
22,0.0,0.0
23,0.0,0.0
24,0.0,0.0
25,0.0,0.0
26,0.0,0.0
27,0.0,0.0
28,0.0,0.0
29,0.0,0.0
30,0.0,0.0
31,0.0,0.0
32,0.0,0.0
33,0.0,0.0
34,0.0,0.0
35,0.0,0.0
36,0.0,0.0
37,0.0,0.0
38,0.0,0.0
39,0.0,0.0
40,0.0,0.0
41,0.0,0.0
42,0.0,0.0
43,0.0,0.0
44,0.0,0.0
45,0.0,0.0
46,0.0,0.0
47,0.0,0.0
48,0.0,0.0
49,0.0,0.0
50,0.0,0.0
51,9.0,0.0
52,0.0,0.0
53,0.0,0.0
54,0.0,0.0
55,0.0,0.0
56,0.0,0.0
57,0.0,0.0
58,0.0,0.0
59,0.0,0.0
60,9.0,0.0
61,0.0,0.0
62,0.0,0.0
63,0.0,0.0
64,0.0,0.0
65,0.0,0.0
66,0.0,0.0
67,0.0,0.0
68,0.0,0.0
69,0.0,0.0
70,0.0,0.0
71,0.0,0.0
72,0.0,0.0
73,0.0,0.0
74,0.0,0.0
75,0.0,0.0
76,0.0,0.0
77,7.0,0.0
78,0.0,0.0
79,0.0,0.0
80,0.0,0.0
81,0.0,0.0
82,0.0,0.0
83,0.0,0.0
84,0.0,0.0
85,0.0,0.0
86,0.0,0.0
87,0.0,0.0
88,0.0,0.0
89,0.0,0.0
90,0.0,0.0
91,0.0,0.0
92,0.0,0.0
93,0.0,0.0
94,0.0,0.0
95,0.0,0.0
96,0.0,0.0
97,0.0,0.0
98,0.0,0.0
99,0.0,0.0
100,0.0,0.0
101,0.0,0.0
102,0.0,0.0
103,0.0,0.0
104,0.0,0.0
105,0.0,0.0
106,0.0,0.0
107,0.0,0.0
108,0.0,0.0
109,0.0,0.0
110,0.0,0.0
111,0.0,0.0
112,0.0,0.0
113,0.0,0.0
114,0.0,0.0
115,0.0,0.0
116,0.0,0.0
117,0.0,0.0
118,0.0,0.0
119,0.0,0.0
120,0.0,0.0
121,0.0,0.0
122,0.0,0.0
123,0.0,0.0
124,0.0,0.0
125,0.0,0.0
126,0.0,0.0
127,0.0,0.0
128,0.0,0.0
129,0.0,0.0
130,0.0,0.0
131,0.0,0.0
132,0.0,0.0
133,0.0,0.0
134,0.0,0.0
135,0.0,0.0
136,0.0,0.0
137,0.0,0.0
138,0.0,0.0
139,0.0,0.0
140,0.0,0.0
141,0.0,0.0
142,0.0,0.0
143,0.0,0.0
144,0.0,0.0
145,0.0,0.0
146,0.0,0.0
147,0.0,0.0
148,0.0,0.0
149,0.0,0.0
150,0.0,0.0
151,0.0,0.0
152,0.0,0.0
153,0.0,0.0
154,0.0,0.0
155,0.0,0.0
156,0.0,0.0
157,0.0,0.0
158,0.0,0.0
159,0.0,0.0
160,0.0,0.0
161,0.0,0.0
162,0.0,0.0
163,0.0,0.0
164,0.0,0.0
165,0.0,0.0
166,0.0,0.0
167,0.0,0.0
168,0.0,0.0
169,0.0,0.0
170,0.0,0.0
171,9.0,0.0
172,0.0,0.0
173,0.0,0.0
174,1.0,1.0
175,1.0,1.0
176,1.0,1.0
177,1.0,1.0
178,1.0,1.0
179,1.0,1.0
180,1.0,1.0
181,1.0,1.0
182,1.0,1.0
183,1.0,1.0
184,1.0,1.0
185,1.0,1.0
186,1.0,1.0
187,1.0,1.0
188,1.0,1.0
189,1.0,1.0
190,1.0,1.0
191,1.0,1.0
192,1.0,1.0
193,1.0,1.0
194,1.0,1.0
195,1.0,1.0
196,1.0,1.0
197,1.0,1.0
198,1.0,1.0
199,1.0,1.0
200,1.0,1.0
201,1.0,1.0
202,1.0,1.0
203,1.0,1.0
204,1.0,1.0
205,1.0,1.0
206,1.0,1.0
207,1.0,1.0
208,1.0,1.0
209,1.0,1.0
210,1.0,1.0
211,1.0,1.0
212,1.0,1.0
213,1.0,1.0
214,1.0,1.0
215,1.0,1.0
216,1.0,1.0
217,1.0,1.0
218,1.0,1.0
219,1.0,1.0
220,1.0,1.0
221,1.0,1.0
222,1.0,1.0
223,1.0,1.0
224,1.0,1.0
225,1.0,1.0
226,1.0,1.0
227,1.0,1.0
228,1.0,1.0
229,1.0,1.0
230,1.0,1.0
231,1.0,1.0
232,1.0,1.0
233,1.0,1.0
234,1.0,1.0
235,1.0,1.0
236,1.0,1.0
237,1.0,1.0
238,1.0,1.0
239,1.0,1.0
240,1.0,1.0
241,1.0,1.0
242,1.0,1.0
243,1.0,1.0
244,1.0,1.0
245,1.0,1.0
246,1.0,1.0
247,1.0,1.0
248,1.0,1.0
249,1.0,1.0
250,1.0,1.0
251,1.0,1.0
252,1.0,1.0
253,1.0,1.0
254,1.0,1.0
255,1.0,1.0
256,1.0,1.0
257,1.0,1.0
258,1.0,1.0
259,1.0,1.0
260,1.0,1.0
261,1.0,1.0
262,1.0,1.0
263,1.0,1.0
264,1.0,1.0
265,1.0,1.0
266,1.0,1.0
267,1.0,1.0
268,1.0,1.0
269,1.0,1.0
270,1.0,1.0
271,1.0,1.0
272,1.0,1.0
273,1.0,1.0
274,1.0,1.0
275,1.0,1.0
276,1.0,1.0
277,1.0,1.0
278,1.0,1.0
279,1.0,1.0
280,1.0,1.0
281,1.0,1.0
282,1.0,1.0
283,1.0,1.0
284,1.0,1.0
285,1.0,1.0
286,1.0,1.0
287,1.0,1.0
288,1.0,1.0
289,1.0,1.0
290,1.0,1.0
291,1.0,1.0
292,1.0,1.0
293,1.0,1.0
294,1.0,1.0
295,1.0,1.0
296,1.0,1.0
297,1.0,1.0
298,1.0,1.0
299,1.0,1.0
300,1.0,1.0
301,1.0,1.0
302,1.0,1.0
303,1.0,1.0
304,1.0,1.0
305,1.0,1.0
306,1.0,1.0
307,1.0,1.0
308,1.0,1.0
309,1.0,1.0
310,1.0,1.0
311,1.0,1.0
312,1.0,1.0
313,1.0,1.0
314,1.0,1.0
315,1.0,1.0
316,1.0,1.0
317,1.0,1.0
318,1.0,1.0
319,1.0,1.0
320,1.0,1.0
321,1.0,1.0
322,1.0,1.0
323,1.0,1.0
324,1.0,1.0
325,1.0,1.0
326,1.0,1.0
327,1.0,1.0
328,1.0,1.0
329,1.0,1.0
330,1.0,1.0
331,1.0,1.0
332,1.0,1.0
333,2.0,2.0
334,2.0,2.0
335,2.0,2.0
336,2.0,2.0
337,2.0,2.0
338,2.0,2.0
339,2.0,2.0
340,2.0,2.0
341,2.0,2.0
342,2.0,2.0
343,2.0,2.0
344,2.0,2.0
345,2.0,2.0
346,4.0,2.0
347,2.0,2.0
348,2.0,2.0
349,2.0,2.0
350,2.0,2.0
351,2.0,2.0
352,2.0,2.0
353,2.0,2.0
354,2.0,2.0
355,2.0,2.0
356,2.0,2.0
357,2.0,2.0
358,2.0,2.0
359,2.0,2.0
360,2.0,2.0
361,2.0,2.0
362,2.0,2.0
363,2.0,2.0
364,2.0,2.0
365,2.0,2.0
366,2.0,2.0
367,2.0,2.0
368,2.0,2.0
369,2.0,2.0
370,2.0,2.0
371,2.0,2.0
372,2.0,2.0
373,2.0,2.0
374,2.0,2.0
375,2.0,2.0
376,2.0,2.0
377,2.0,2.0
378,2.0,2.0
379,2.0,2.0
380,2.0,2.0
381,2.0,2.0
382,2.0,2.0
383,2.0,2.0
384,2.0,2.0
385,2.0,2.0
386,2.0,2.0
387,2.0,2.0
388,2.0,2.0
389,2.0,2.0
390,2.0,2.0
391,2.0,2.0
392,2.0,2.0
393,2.0,2.0
394,2.0,2.0
395,2.0,2.0
396,2.0,2.0
397,2.0,2.0
398,2.0,2.0
399,2.0,2.0
400,2.0,2.0
401,2.0,2.0
402,2.0,2.0
403,2.0,2.0
404,2.0,2.0
405,2.0,2.0
406,2.0,2.0
407,2.0,2.0
408,2.0,2.0
409,2.0,2.0
410,2.0,2.0
411,2.0,2.0
412,2.0,2.0
413,2.0,2.0
414,2.0,2.0
415,2.0,2.0
416,2.0,2.0
417,2.0,2.0
418,2.0,2.0
419,2.0,2.0
420,2.0,2.0
421,2.0,2.0
422,2.0,2.0
423,2.0,2.0
424,2.0,2.0
425,2.0,2.0
426,2.0,2.0
427,2.0,2.0
428,2.0,2.0
429,2.0,2.0
430,2.0,2.0
431,2.0,2.0
432,2.0,2.0
433,2.0,2.0
434,2.0,2.0
435,2.0,2.0
436,2.0,2.0
437,2.0,2.0
438,2.0,2.0
439,2.0,2.0
440,2.0,2.0
441,2.0,2.0
442,2.0,2.0
443,2.0,2.0
444,2.0,2.0
445,2.0,2.0
446,2.0,2.0
447,2.0,2.0
448,2.0,2.0
449,2.0,2.0
450,2.0,2.0
451,2.0,2.0
452,2.0,2.0
453,2.0,2.0
454,2.0,2.0
455,2.0,2.0
456,2.0,2.0
457,2.0,2.0
458,2.0,2.0
459,2.0,2.0
460,2.0,2.0
461,2.0,2.0
462,2.0,2.0
463,2.0,2.0
464,2.0,2.0
465,2.0,2.0
466,2.0,2.0
467,2.0,2.0
468,2.0,2.0
469,2.0,2.0
470,2.0,2.0
471,2.0,2.0
472,2.0,2.0
473,2.0,2.0
474,2.0,2.0
475,2.0,2.0
476,2.0,2.0
477,2.0,2.0
478,2.0,2.0
479,2.0,2.0
480,2.0,2.0
481,2.0,2.0
482,2.0,2.0
483,2.0,2.0
484,2.0,2.0
485,2.0,2.0
486,2.0,2.0
487,2.0,2.0
488,2.0,2.0
489,2.0,2.0
490,2.0,2.0
491,2.0,2.0
492,2.0,2.0
493,2.0,2.0
494,2.0,2.0
495,2.0,2.0
496,3.0,3.0
497,3.0,3.0
498,3.0,3.0
499,3.0,3.0
500,3.0,3.0
501,3.0,3.0
502,3.0,3.0
503,3.0,3.0
504,3.0,3.0
505,3.0,3.0
506,3.0,3.0
507,3.0,3.0
508,3.0,3.0
509,3.0,3.0
510,3.0,3.0
511,3.0,3.0
512,3.0,3.0
513,3.0,3.0
514,3.0,3.0
515,3.0,3.0
516,3.0,3.0
517,3.0,3.0
518,3.0,3.0
519,0.0,3.0
520,3.0,3.0
521,3.0,3.0
522,3.0,3.0
523,3.0,3.0
524,3.0,3.0
525,3.0,3.0
526,3.0,3.0
527,3.0,3.0
528,3.0,3.0
529,3.0,3.0
530,3.0,3.0
531,3.0,3.0
532,3.0,3.0
533,3.0,3.0
534,3.0,3.0
535,3.0,3.0
536,3.0,3.0
537,3.0,3.0
538,3.0,3.0
539,3.0,3.0
540,3.0,3.0
541,3.0,3.0
542,3.0,3.0
543,3.0,3.0
544,3.0,3.0
545,3.0,3.0
546,3.0,3.0
547,3.0,3.0
548,3.0,3.0
549,3.0,3.0
550,3.0,3.0
551,3.0,3.0
552,3.0,3.0
553,3.0,3.0
554,3.0,3.0
555,3.0,3.0
556,3.0,3.0
557,3.0,3.0
558,3.0,3.0
559,3.0,3.0
560,3.0,3.0
561,3.0,3.0
562,3.0,3.0
563,3.0,3.0
564,3.0,3.0
565,3.0,3.0
566,3.0,3.0
567,3.0,3.0
568,3.0,3.0
569,3.0,3.0
570,3.0,3.0
571,3.0,3.0
572,3.0,3.0
573,3.0,3.0
574,3.0,3.0
575,3.0,3.0
576,3.0,3.0
577,3.0,3.0
578,3.0,3.0
579,3.0,3.0
580,3.0,3.0
581,3.0,3.0
582,3.0,3.0
583,3.0,3.0
584,3.0,3.0
585,3.0,3.0
586,3.0,3.0
587,3.0,3.0
588,3.0,3.0
589,3.0,3.0
590,3.0,3.0
591,3.0,3.0
592,3.0,3.0
593,3.0,3.0
594,3.0,3.0
595,3.0,3.0
596,3.0,3.0
597,3.0,3.0
598,3.0,3.0
599,3.0,3.0
600,3.0,3.0
601,3.0,3.0
602,3.0,3.0
603,3.0,3.0
604,3.0,3.0
605,3.0,3.0
606,3.0,3.0
607,3.0,3.0
608,3.0,3.0
609,3.0,3.0
610,3.0,3.0
611,3.0,3.0
612,3.0,3.0
613,3.0,3.0
614,3.0,3.0
615,3.0,3.0
616,3.0,3.0
617,3.0,3.0
618,3.0,3.0
619,3.0,3.0
620,3.0,3.0
621,3.0,3.0
622,3.0,3.0
623,3.0,3.0
624,3.0,3.0
625,3.0,3.0
626,3.0,3.0
627,3.0,3.0
628,3.0,3.0
629,3.0,3.0
630,3.0,3.0
631,3.0,3.0
632,3.0,3.0
633,3.0,3.0
634,3.0,3.0
635,3.0,3.0
636,3.0,3.0
637,3.0,3.0
638,3.0,3.0
639,3.0,3.0
640,3.0,3.0
641,3.0,3.0
642,3.0,3.0
643,3.0,3.0
644,3.0,3.0
645,3.0,3.0
646,3.0,3.0
647,3.0,3.0
648,3.0,3.0
649,3.0,3.0
650,3.0,3.0
651,3.0,3.0
652,3.0,3.0
653,3.0,3.0
654,3.0,3.0
655,3.0,3.0
656,3.0,3.0
657,3.0,3.0
658,3.0,3.0
659,3.0,3.0
660,3.0,3.0
661,4.0,4.0
662,4.0,4.0
663,4.0,4.0
664,4.0,4.0
665,4.0,4.0
666,4.0,4.0
667,4.0,4.0
668,4.0,4.0
669,4.0,4.0
670,4.0,4.0
671,4.0,4.0
672,4.0,4.0
673,4.0,4.0
674,4.0,4.0
675,4.0,4.0
676,4.0,4.0
677,4.0,4.0
678,4.0,4.0
679,4.0,4.0
680,4.0,4.0
681,4.0,4.0
682,4.0,4.0
683,4.0,4.0
684,4.0,4.0
685,4.0,4.0
686,4.0,4.0
687,4.0,4.0
688,4.0,4.0
689,4.0,4.0
690,4.0,4.0
691,4.0,4.0
692,4.0,4.0
693,4.0,4.0
694,4.0,4.0
695,4.0,4.0
696,4.0,4.0
697,4.0,4.0
698,4.0,4.0
699,4.0,4.0
700,4.0,4.0
701,4.0,4.0
702,4.0,4.0
703,4.0,4.0
704,8.0,4.0
705,4.0,4.0
706,4.0,4.0
707,4.0,4.0
708,4.0,4.0
709,4.0,4.0
710,4.0,4.0
711,4.0,4.0
712,4.0,4.0
713,4.0,4.0
714,4.0,4.0
715,4.0,4.0
716,4.0,4.0
717,4.0,4.0
718,4.0,4.0
719,4.0,4.0
720,4.0,4.0
721,4.0,4.0
722,4.0,4.0
723,4.0,4.0
724,4.0,4.0
725,4.0,4.0
726,4.0,4.0
727,4.0,4.0
728,4.0,4.0
729,4.0,4.0
730,4.0,4.0
731,4.0,4.0
732,4.0,4.0
733,4.0,4.0
734,4.0,4.0
735,4.0,4.0
736,4.0,4.0
737,4.0,4.0
738,4.0,4.0
739,4.0,4.0
740,4.0,4.0
741,4.0,4.0
742,4.0,4.0
743,4.0,4.0
744,4.0,4.0
745,4.0,4.0
746,4.0,4.0
747,4.0,4.0
748,4.0,4.0
749,4.0,4.0
750,4.0,4.0
751,4.0,4.0
752,4.0,4.0
753,4.0,4.0
754,4.0,4.0
755,4.0,4.0
756,4.0,4.0
757,4.0,4.0
758,4.0,4.0
759,4.0,4.0
760,4.0,4.0
761,4.0,4.0
762,4.0,4.0
763,4.0,4.0
764,4.0,4.0
765,4.0,4.0
766,4.0,4.0
767,4.0,4.0
768,4.0,4.0
769,4.0,4.0
770,4.0,4.0
771,4.0,4.0
772,4.0,4.0
773,4.0,4.0
774,4.0,4.0
775,4.0,4.0
776,4.0,4.0
777,4.0,4.0
778,4.0,4.0
779,4.0,4.0
780,4.0,4.0
781,4.0,4.0
782,4.0,4.0
783,4.0,4.0
784,4.0,4.0
785,4.0,4.0
786,4.0,4.0
787,4.0,4.0
788,4.0,4.0
789,4.0,4.0
790,4.0,4.0
791,4.0,4.0
792,4.0,4.0
793,4.0,4.0
794,4.0,4.0
795,4.0,4.0
796,4.0,4.0
797,4.0,4.0
798,4.0,4.0
799,4.0,4.0
800,4.0,4.0
801,4.0,4.0
802,4.0,4.0
803,4.0,4.0
804,4.0,4.0
805,4.0,4.0
806,4.0,4.0
807,4.0,4.0
808,4.0,4.0
809,4.0,4.0
810,4.0,4.0
811,4.0,4.0
812,4.0,4.0
813,4.0,4.0
814,4.0,4.0
815,4.0,4.0
816,4.0,4.0
817,4.0,4.0
818,4.0,4.0
819,4.0,4.0
820,4.0,4.0
821,3.0,4.0
822,4.0,4.0
823,4.0,4.0
824,5.0,5.0
825,5.0,5.0
826,5.0,5.0
827,5.0,5.0
828,5.0,5.0
829,5.0,5.0
830,5.0,5.0
831,5.0,5.0
832,5.0,5.0
833,5.0,5.0
834,5.0,5.0
835,5.0,5.0
836,5.0,5.0
837,5.0,5.0
838,5.0,5.0
839,5.0,5.0
840,5.0,5.0
841,5.0,5.0
842,5.0,5.0
843,5.0,5.0
844,5.0,5.0
845,5.0,5.0
846,5.0,5.0
847,5.0,5.0
848,5.0,5.0
849,5.0,5.0
850,5.0,5.0
851,5.0,5.0
852,5.0,5.0
853,5.0,5.0
854,5.0,5.0
855,5.0,5.0
856,5.0,5.0
857,5.0,5.0
858,5.0,5.0
859,5.0,5.0
860,5.0,5.0
861,5.0,5.0
862,5.0,5.0
863,5.0,5.0
864,5.0,5.0
865,5.0,5.0
866,5.0,5.0
867,5.0,5.0
868,5.0,5.0
869,5.0,5.0
870,5.0,5.0
871,5.0,5.0
872,5.0,5.0
873,5.0,5.0
874,5.0,5.0
875,5.0,5.0
876,5.0,5.0
877,5.0,5.0
878,5.0,5.0
879,5.0,5.0
880,5.0,5.0
881,5.0,5.0
882,5.0,5.0
883,5.0,5.0
884,5.0,5.0
885,5.0,5.0
886,5.0,5.0
887,5.0,5.0
888,5.0,5.0
889,5.0,5.0
890,5.0,5.0
891,5.0,5.0
892,5.0,5.0
893,5.0,5.0
894,5.0,5.0
895,5.0,5.0
896,5.0,5.0
897,5.0,5.0
898,5.0,5.0
899,5.0,5.0
900,5.0,5.0
901,5.0,5.0
902,5.0,5.0
903,5.0,5.0
904,5.0,5.0
905,5.0,5.0
906,5.0,5.0
907,5.0,5.0
908,5.0,5.0
909,5.0,5.0
910,5.0,5.0
911,5.0,5.0
912,5.0,5.0
913,5.0,5.0
914,0.0,5.0
915,5.0,5.0
916,5.0,5.0
917,5.0,5.0
918,5.0,5.0
919,5.0,5.0
920,5.0,5.0
921,5.0,5.0
922,5.0,5.0
923,5.0,5.0
924,5.0,5.0
925,5.0,5.0
926,5.0,5.0
927,5.0,5.0
928,5.0,5.0
929,5.0,5.0
930,5.0,5.0
931,5.0,5.0
932,5.0,5.0
933,5.0,5.0
934,5.0,5.0
935,5.0,5.0
936,5.0,5.0
937,5.0,5.0
938,5.0,5.0
939,5.0,5.0
940,5.0,5.0
941,5.0,5.0
942,5.0,5.0
943,5.0,5.0
944,5.0,5.0
945,5.0,5.0
946,5.0,5.0
947,5.0,5.0
948,5.0,5.0
949,5.0,5.0
950,5.0,5.0
951,5.0,5.0
952,5.0,5.0
953,5.0,5.0
954,5.0,5.0
955,5.0,5.0
956,5.0,5.0
957,5.0,5.0
958,5.0,5.0
959,5.0,5.0
960,5.0,5.0
961,5.0,5.0
962,5.0,5.0
963,5.0,5.0
964,5.0,5.0
965,5.0,5.0
966,5.0,5.0
967,5.0,5.0
968,5.0,5.0
969,5.0,5.0
970,5.0,5.0
971,5.0,5.0
972,5.0,5.0
973,5.0,5.0
974,5.0,5.0
975,5.0,5.0
976,5.0,5.0
977,5.0,5.0
978,5.0,5.0
979,5.0,5.0
980,5.0,5.0
981,5.0,5.0
982,5.0,5.0
983,5.0,5.0
984,5.0,5.0
985,5.0,5.0
986,6.0,6.0
987,6.0,6.0
988,6.0,6.0
989,6.0,6.0
990,6.0,6.0
991,6.0,6.0
992,6.0,6.0
993,6.0,6.0
994,6.0,6.0
995,6.0,6.0
996,6.0,6.0
997,6.0,6.0
998,6.0,6.0
999,6.0,6.0
1000,6.0,6.0
1001,6.0,6.0
1002,6.0,6.0
1003,6.0,6.0
1004,6.0,6.0
1005,6.0,6.0
1006,8.0,6.0
1007,6.0,6.0
1008,6.0,6.0
1009,6.0,6.0
1010,6.0,6.0
1011,6.0,6.0
1012,6.0,6.0
1013,6.0,6.0
1014,6.0,6.0
1015,6.0,6.0
1016,6.0,6.0
1017,6.0,6.0
1018,6.0,6.0
1019,6.0,6.0
1020,6.0,6.0
1021,6.0,6.0
1022,6.0,6.0
1023,6.0,6.0
1024,6.0,6.0
1025,6.0,6.0
1026,6.0,6.0
1027,6.0,6.0
1028,6.0,6.0
1029,6.0,6.0
1030,6.0,6.0
1031,6.0,6.0
1032,6.0,6.0
1033,6.0,6.0
1034,6.0,6.0
1035,6.0,6.0
1036,6.0,6.0
1037,6.0,6.0
1038,6.0,6.0
1039,6.0,6.0
1040,6.0,6.0
1041,6.0,6.0
1042,6.0,6.0
1043,6.0,6.0
1044,6.0,6.0
1045,6.0,6.0
1046,6.0,6.0
1047,6.0,6.0
1048,6.0,6.0
1049,6.0,6.0
1050,6.0,6.0
1051,6.0,6.0
1052,6.0,6.0
1053,6.0,6.0
1054,6.0,6.0
1055,6.0,6.0
1056,6.0,6.0
1057,6.0,6.0
1058,6.0,6.0
1059,6.0,6.0
1060,6.0,6.0
1061,6.0,6.0
1062,6.0,6.0
1063,6.0,6.0
1064,6.0,6.0
1065,6.0,6.0
1066,6.0,6.0
1067,6.0,6.0
1068,6.0,6.0
1069,0.0,6.0
1070,6.0,6.0
1071,6.0,6.0
1072,6.0,6.0
1073,6.0,6.0
1074,6.0,6.0
1075,6.0,6.0
1076,6.0,6.0
1077,6.0,6.0
1078,6.0,6.0
1079,6.0,6.0
1080,6.0,6.0
1081,6.0,6.0
1082,6.0,6.0
1083,1.0,6.0
1084,6.0,6.0
1085,6.0,6.0
1086,6.0,6.0
1087,6.0,6.0
1088,6.0,6.0
1089,6.0,6.0
1090,6.0,6.0
1091,6.0,6.0
1092,6.0,6.0
1093,6.0,6.0
1094,6.0,6.0
1095,6.0,6.0
1096,6.0,6.0
1097,6.0,6.0
1098,6.0,6.0
1099,6.0,6.0
1100,6.0,6.0
1101,6.0,6.0
1102,6.0,6.0
1103,6.0,6.0
1104,6.0,6.0
1105,6.0,6.0
1106,6.0,6.0
1107,6.0,6.0
1108,6.0,6.0
1109,6.0,6.0
1110,6.0,6.0
1111,6.0,6.0
1112,6.0,6.0
1113,6.0,6.0
1114,6.0,6.0
1115,6.0,6.0
1116,6.0,6.0
1117,6.0,6.0
1118,6.0,6.0
1119,6.0,6.0
1120,6.0,6.0
1121,6.0,6.0
1122,6.0,6.0
1123,6.0,6.0
1124,6.0,6.0
1125,6.0,6.0
1126,6.0,6.0
1127,6.0,6.0
1128,6.0,6.0
1129,6.0,6.0
1130,6.0,6.0
1131,6.0,6.0
1132,6.0,6.0
1133,6.0,6.0
1134,6.0,6.0
1135,6.0,6.0
1136,6.0,6.0
1137,6.0,6.0
1138,6.0,6.0
1139,6.0,6.0
1140,6.0,6.0
1141,6.0,6.0
1142,6.0,6.0
1143,6.0,6.0
1144,6.0,6.0
1145,6.0,6.0
1146,6.0,6.0
1147,6.0,6.0
1148,6.0,6.0
1149,7.0,7.0
1150,7.0,7.0
1151,7.0,7.0
1152,7.0,7.0
1153,7.0,7.0
1154,7.0,7.0
1155,7.0,7.0
1156,7.0,7.0
1157,7.0,7.0
1158,7.0,7.0
1159,7.0,7.0
1160,7.0,7.0
1161,7.0,7.0
1162,7.0,7.0
1163,7.0,7.0
1164,7.0,7.0
1165,7.0,7.0
1166,7.0,7.0
1167,7.0,7.0
1168,7.0,7.0
1169,7.0,7.0
1170,7.0,7.0
1171,7.0,7.0
1172,7.0,7.0
1173,7.0,7.0
1174,7.0,7.0
1175,7.0,7.0
1176,7.0,7.0
1177,7.0,7.0
1178,7.0,7.0
1179,7.0,7.0
1180,7.0,7.0
1181,7.0,7.0
1182,7.0,7.0
1183,7.0,7.0
1184,7.0,7.0
1185,7.0,7.0
1186,7.0,7.0
1187,7.0,7.0
1188,7.0,7.0
1189,7.0,7.0
1190,7.0,7.0
1191,7.0,7.0
1192,7.0,7.0
1193,7.0,7.0
1194,7.0,7.0
1195,7.0,7.0
1196,7.0,7.0
1197,7.0,7.0
1198,7.0,7.0
1199,7.0,7.0
1200,7.0,7.0
1201,7.0,7.0
1202,7.0,7.0
1203,7.0,7.0
1204,7.0,7.0
1205,7.0,7.0
1206,7.0,7.0
1207,7.0,7.0
1208,7.0,7.0
1209,7.0,7.0
1210,7.0,7.0
1211,7.0,7.0
1212,7.0,7.0
1213,7.0,7.0
1214,7.0,7.0
1215,7.0,7.0
1216,7.0,7.0
1217,7.0,7.0
1218,7.0,7.0
1219,7.0,7.0
1220,7.0,7.0
1221,7.0,7.0
1222,7.0,7.0
1223,7.0,7.0
1224,7.0,7.0
1225,7.0,7.0
1226,7.0,7.0
1227,7.0,7.0
1228,7.0,7.0
1229,7.0,7.0
1230,7.0,7.0
1231,7.0,7.0
1232,7.0,7.0
1233,7.0,7.0
1234,7.0,7.0
1235,7.0,7.0
1236,7.0,7.0
1237,7.0,7.0
1238,7.0,7.0
1239,7.0,7.0
1240,7.0,7.0
1241,7.0,7.0
1242,7.0,7.0
1243,7.0,7.0
1244,7.0,7.0
1245,7.0,7.0
1246,7.0,7.0
1247,7.0,7.0
1248,7.0,7.0
1249,7.0,7.0
1250,7.0,7.0
1251,7.0,7.0
1252,7.0,7.0
1253,7.0,7.0
1254,7.0,7.0
1255,7.0,7.0
1256,7.0,7.0
1257,7.0,7.0
1258,7.0,7.0
1259,7.0,7.0
1260,7.0,7.0
1261,7.0,7.0
1262,7.0,7.0
1263,7.0,7.0
1264,7.0,7.0
1265,7.0,7.0
1266,7.0,7.0
1267,7.0,7.0
1268,7.0,7.0
1269,7.0,7.0
1270,7.0,7.0
1271,7.0,7.0
1272,7.0,7.0
1273,7.0,7.0
1274,7.0,7.0
1275,7.0,7.0
1276,7.0,7.0
1277,7.0,7.0
1278,7.0,7.0
1279,7.0,7.0
1280,7.0,7.0
1281,7.0,7.0
1282,7.0,7.0
1283,7.0,7.0
1284,7.0,7.0
1285,7.0,7.0
1286,7.0,7.0
1287,7.0,7.0
1288,7.0,7.0
1289,8.0,8.0
1290,8.0,8.0
1291,8.0,8.0
1292,8.0,8.0
1293,8.0,8.0
1294,8.0,8.0
1295,8.0,8.0
1296,8.0,8.0
1297,8.0,8.0
1298,8.0,8.0
1299,8.0,8.0
1300,8.0,8.0
1301,8.0,8.0
1302,8.0,8.0
1303,7.0,8.0
1304,8.0,8.0
1305,8.0,8.0
1306,8.0,8.0
1307,8.0,8.0
1308,8.0,8.0
1309,8.0,8.0
1310,8.0,8.0
1311,8.0,8.0
1312,8.0,8.0
1313,8.0,8.0
1314,8.0,8.0
1315,8.0,8.0
1316,8.0,8.0
1317,8.0,8.0
1318,8.0,8.0
1319,8.0,8.0
1320,8.0,8.0
1321,8.0,8.0
1322,8.0,8.0
1323,9.0,8.0
1324,8.0,8.0
1325,8.0,8.0
1326,8.0,8.0
1327,8.0,8.0
1328,2.0,8.0
1329,8.0,8.0
1330,8.0,8.0
1331,8.0,8.0
1332,8.0,8.0
1333,8.0,8.0
1334,8.0,8.0
1335,8.0,8.0
1336,8.0,8.0
1337,8.0,8.0
1338,8.0,8.0
1339,8.0,8.0
1340,8.0,8.0
1341,8.0,8.0
1342,8.0,8.0
1343,8.0,8.0
1344,8.0,8.0
1345,8.0,8.0
1346,8.0,8.0
1347,8.0,8.0
1348,8.0,8.0
1349,8.0,8.0
1350,8.0,8.0
1351,8.0,8.0
1352,8.0,8.0
1353,8.0,8.0
1354,8.0,8.0
1355,8.0,8.0
1356,8.0,8.0
1357,8.0,8.0
1358,8.0,8.0
1359,8.0,8.0
1360,8.0,8.0
1361,8.0,8.0
1362,8.0,8.0
1363,8.0,8.0
1364,8.0,8.0
1365,8.0,8.0
1366,8.0,8.0
1367,8.0,8.0
1368,8.0,8.0
1369,8.0,8.0
1370,8.0,8.0
1371,8.0,8.0
1372,8.0,8.0
1373,8.0,8.0
1374,8.0,8.0
1375,8.0,8.0
1376,8.0,8.0
1377,8.0,8.0
1378,8.0,8.0
1379,8.0,8.0
1380,8.0,8.0
1381,8.0,8.0
1382,8.0,8.0
1383,8.0,8.0
1384,8.0,8.0
1385,7.0,8.0
1386,8.0,8.0
1387,8.0,8.0
1388,8.0,8.0
1389,8.0,8.0
1390,8.0,8.0
1391,8.0,8.0
1392,8.0,8.0
1393,8.0,8.0
1394,8.0,8.0
1395,8.0,8.0
1396,8.0,8.0
1397,8.0,8.0
1398,8.0,8.0
1399,8.0,8.0
1400,8.0,8.0
1401,8.0,8.0
1402,8.0,8.0
1403,8.0,8.0
1404,8.0,8.0
1405,8.0,8.0
1406,8.0,8.0
1407,9.0,8.0
1408,8.0,8.0
1409,8.0,8.0
1410,8.0,8.0
1411,8.0,8.0
1412,8.0,8.0
1413,8.0,8.0
1414,8.0,8.0
1415,8.0,8.0
1416,8.0,8.0
1417,8.0,8.0
1418,8.0,8.0
1419,8.0,8.0
1420,8.0,8.0
1421,8.0,8.0
1422,8.0,8.0
1423,9.0,9.0
1424,9.0,9.0
1425,9.0,9.0
1426,9.0,9.0
1427,9.0,9.0
1428,9.0,9.0
1429,9.0,9.0
1430,9.0,9.0
1431,9.0,9.0
1432,9.0,9.0
1433,9.0,9.0
1434,9.0,9.0
1435,9.0,9.0
1436,9.0,9.0
1437,9.0,9.0
1438,9.0,9.0
1439,9.0,9.0
1440,9.0,9.0
1441,9.0,9.0
1442,9.0,9.0
1443,9.0,9.0
1444,9.0,9.0
1445,9.0,9.0
1446,9.0,9.0
1447,9.0,9.0
1448,9.0,9.0
1449,9.0,9.0
1450,9.0,9.0
1451,9.0,9.0
1452,9.0,9.0
1453,9.0,9.0
1454,9.0,9.0
1455,9.0,9.0
1456,9.0,9.0
1457,9.0,9.0
1458,9.0,9.0
1459,9.0,9.0
1460,9.0,9.0
1461,9.0,9.0
1462,9.0,9.0
1463,9.0,9.0
1464,9.0,9.0
1465,9.0,9.0
1466,9.0,9.0
1467,9.0,9.0
1468,9.0,9.0
1469,9.0,9.0
1470,9.0,9.0
1471,9.0,9.0
1472,9.0,9.0
1473,9.0,9.0
1474,9.0,9.0
1475,9.0,9.0
1476,9.0,9.0
1477,9.0,9.0
1478,9.0,9.0
1479,9.0,9.0
1480,9.0,9.0
1481,9.0,9.0
1482,9.0,9.0
1483,9.0,9.0
1484,9.0,9.0
1485,9.0,9.0
1486,9.0,9.0
1487,9.0,9.0
1488,9.0,9.0
1489,9.0,9.0
1490,9.0,9.0
1491,9.0,9.0
1492,9.0,9.0
1493,9.0,9.0
1494,9.0,9.0
1495,9.0,9.0
1496,9.0,9.0
1497,9.0,9.0
1498,9.0,9.0
1499,9.0,9.0
1500,9.0,9.0
1501,9.0,9.0
1502,9.0,9.0
1503,9.0,9.0
1504,9.0,9.0
1505,9.0,9.0
1506,9.0,9.0
1507,9.0,9.0
1508,9.0,9.0
1509,9.0,9.0
1510,9.0,9.0
1511,9.0,9.0
1512,9.0,9.0
1513,9.0,9.0
1514,9.0,9.0
1515,9.0,9.0
1516,9.0,9.0
1517,9.0,9.0
1518,9.0,9.0
1519,9.0,9.0
1520,9.0,9.0
1521,9.0,9.0
1522,9.0,9.0
1523,9.0,9.0
1524,9.0,9.0
1525,9.0,9.0
1526,9.0,9.0
1527,9.0,9.0
1528,9.0,9.0
1529,9.0,9.0
1530,9.0,9.0
1531,9.0,9.0
1532,9.0,9.0
1533,9.0,9.0
1534,9.0,9.0
1535,9.0,9.0
1536,9.0,9.0
1537,9.0,9.0
1538,9.0,9.0
1539,0.0,9.0
1540,9.0,9.0
1541,9.0,9.0
1542,9.0,9.0
1543,9.0,9.0
1544,9.0,9.0
1545,9.0,9.0
1546,9.0,9.0
1547,9.0,9.0
1548,9.0,9.0
1549,9.0,9.0
1550,9.0,9.0
1551,9.0,9.0
1552,9.0,9.0
1553,9.0,9.0
1554,9.0,9.0
1555,9.0,9.0
1556,9.0,9.0
1557,9.0,9.0
1558,9.0,9.0
1559,9.0,9.0
1560,9.0,9.0
1561,9.0,9.0
1562,9.0,9.0
1563,9.0,9.0
1564,9.0,9.0
1565,9.0,9.0
1566,9.0,9.0
1567,9.0,9.0
1568,9.0,9.0
1569,9.0,9.0
1570,9.0,9.0
1571,9.0,9.0
